id,level,parent,lgd_code,official,official_lgd_spelling,konkani_deva,romi,marathi,variants,say_draft,say_note,say_status,confidence,hq,facts,sources,reviewer,reviewed_on
goa,state,,30,Goa,Goa,गोंय,Goem,गोवा,,goy,the o is nasal,"draft, not reviewed",high,,,"District sites (header), Wikidata",,
north-goa,district,goa,551,North Goa,North Goa,उत्तर गोंय,Ut'tor Goem,,,UT-tor goy,,"draft, not reviewed",high,Panaji,"Talukas: Pernem, Bardez, Tiswadi, Bicholim, Sattari","North Goa and South Goa Konkani sites, Wikidata",,
south-goa,district,goa,552,South Goa,South Goa,दक्षिण गोंय,Dokxinn Goem,,दक्षीण गोंय,DOK-shin goy,,"draft, not reviewed",medium,Margao,"Talukas: Salcete, Mormugao, Ponda","Wikidata, Kushavati Konkani site; South Goa header writes दक्षीण",,
kushavati,district,goa,793,Kushavati,Kushavati,कुशावती,,,,ku-SHAA-vo-tee,,"draft, not reviewed",high,Quepem,"Goa's third district, notified 31 December 2025 | Talukas: Quepem, Sanguem, Canacona, Dharbandora",kushavati.goa.gov.in header (Konkani and Marathi),,
pernem,taluka,north-goa,5609,Pernem,Pernem,पेडणें,,,,PED-nen,"retroflex d and n, nasal ending","draft, not reviewed",high,Pernem,Terekhol fort sits at its northern tip,"North Goa Konkani history page, Konkani Vishwakosh, Wikidata",,
bardez,taluka,north-goa,5610,Bardez,Bardez,बार्देस,Bardes,,no government Konkani source yet,BAAR-des,,"draft, not reviewed",medium,Mapusa,The Mandovi separates it from Tiswadi,"Konkani Vishwakosh, Konkani Wikipedia (no government Konkani page found)",,
tiswadi,taluka,north-goa,5611,Tiswadi,Tiswadi,तिसवाडी,Tisvaddi,,no government Konkani source yet,TIS-vaa-dee,retroflex d,"draft, not reviewed",medium,Panaji,An island between the Mandovi and the Zuari,"Konkani Vishwakosh, Konkani Wikipedia (no government Konkani page found)",,
bicholim,taluka,north-goa,5612,Bicholim,Bicholim,दिवचल,Divchol,बिचोळी,,DIV-chol,,"draft, not reviewed",high,Bicholim,Came under Portuguese rule only in the 18th century,"North Goa Konkani site (2 pages), Konkani Vishwakosh, Wikidata",,
sattari,taluka,north-goa,5613,Sattari,Satari,सत्तरी,Sattari,,,SUT-tuh-ree,,"draft, not reviewed",high,Valpoi,The Mandovi is called Mhadei here,"North Goa Konkani site, Konkani Vishwakosh, Konkani Wikipedia",,
ponda,taluka,south-goa,5614,Ponda,Ponda,फोंडें,Fonddem,फोंडा,,PHON-den,"retroflex d, nasal ending","draft, not reviewed",high,Ponda,Known in older records as Antruz,"South Goa Konkani constituency list, Konkani Vishwakosh, Wikidata",,
mormugao,taluka,south-goa,5615,Mormugao,Mormugao,मुरगांव,Murganv,,,MOOR-gaanv,nasal aa,"draft, not reviewed",high,Vasco da Gama,Separated from Salcete in the 17th century,"South Goa Konkani site, Konkani Vishwakosh, Wikidata",,
salcete,taluka,south-goa,5616,Salcete,Salcete,साश्टी,Saxtti,,also written सासष्टी and साष्टी,SAASH-tee,retroflex t,"draft, not reviewed",medium,Margao,Margao is also the South Goa district headquarters,"Konkani Vishwakosh, Konkani Wikipedia; variants सासष्टी, साष्टी",,
quepem,taluka,kushavati,5617,Quepem,Quepem,केपें,Kepem,,government pages also write केंपें and केपे,KAY-pen,nasal ending,"draft, not reviewed",medium,Quepem,Headquarters of Kushavati district,"Konkani Vishwakosh, Konkani Wikipedia; government pages write केंपें and केपे",,
sanguem,taluka,kushavati,5618,Sanguem,Sanguem,सांगें,Sangem,,,SAAN-gen,nasal aa and nasal ending,"draft, not reviewed",high,Sanguem,Dudhsagar falls lie in this taluka,"South Goa Konkani site (2 pages), Konkani Vishwakosh, Wikidata",,
canacona,taluka,kushavati,5619,Canacona,Canacona,काणकोण,Kannkonn,,,KAAN-kon,both n sounds are retroflex,"draft, not reviewed",high,Chaudi,Cotigao wildlife sanctuary is here,"South Goa and Kushavati Konkani sites, Konkani Vishwakosh, Wikidata",,
dharbandora,taluka,kushavati,5931,Dharbandora,Dharbandora,,,,,,,,withheld,Dharbandora,"Formed mostly from Sanguem, with two villages from Ponda","Conflicting: धारबांदोडें (Wikidata gom), धारबांदोडा (Kushavati site). Awaiting Directorate of Official Language",,
