outline_id,lgd_code,name,taluka,confirmed_by,confirmed_on
803241,626639,Pernem,Pernem,Shashank,2026-10-01
803246,945833,Valpoi,Sattari,Shashank,2026-10-01
803253,945842,Sanguem,Sanguem,Shashank,2026-10-01
n5,910339,Amona,Quepem,Shashank,2026-10-01
803251,945841,Quepem,Quepem,Shashank,2026-10-01
803247,945835,Ponda,Ponda,Shashank,2026-10-01
803249,945836,Margao,Salcete,Shashank,2026-10-01
803244,945831,Bicholim,Bicholim,Shashank,2026-10-01
803243,945834,Panaji,Tiswadi,Shashank,2026-10-01
803250,926704,Cuncolim,Salcete,Shashank,2026-10-01
803254,627024,Canacona,Canacona,Shashank,2026-10-01
