lgd_code,district,taluka,official,lgd_type,category,status,census_2011,census_2001,has_boundary,konkani_deva,romi,say,reviewer,reviewed_on
627023,Kushavati,Canacona,Agonda,,Rural,Inhabitant,627023,35300,True,,,,,
627029,Kushavati,Canacona,Angediva,,Rural,Inhabitant,627029,35900,True,,,,,
627024,Kushavati,Canacona,Canacona,,Rural,Inhabitant,627024,35400,False,,,,,
924816,Kushavati,Canacona,Chaudi,,Unmapped,Inhabitant,0,0,False,,,,,
627022,Kushavati,Canacona,Cola,,Rural,Inhabitant,627022,35200,True,,,,,
627028,Kushavati,Canacona,Cotigao,,Rural,Inhabitant,627028,35800,True,,,,,
627025,Kushavati,Canacona,Gaodongrem,,Rural,Inhabitant,627025,35500,True,,,,,
627027,Kushavati,Canacona,Loliem,,Rural,Inhabitant,627027,35700,True,,,,,
924820,Kushavati,Canacona,Nagorcem - Palolem,,Unmapped,Inhabitant,0,0,False,,,,,
627026,Kushavati,Canacona,Poinguinim,,Rural,Inhabitant,627026,35600,True,,,,,
626973,Kushavati,Dharbandora,Aglote,,Rural,Inhabitant,626973,30400,True,,,,,
626984,Kushavati,Dharbandora,Bandoli,,Rural,Inhabitant,626984,31500,True,,,,,
626982,Kushavati,Dharbandora,Camarconda,,Rural,Inhabitant,626982,31300,True,,,,,
626976,Kushavati,Dharbandora,Caranzol,,Rural,Inhabitant,626976,30700,True,,,,,
626981,Kushavati,Dharbandora,Codli,,Rural,Inhabitant,626981,31200,True,,,,,
626977,Kushavati,Dharbandora,Colem,,Rural,Inhabitant,626977,30800,True,,,,,
626980,Kushavati,Dharbandora,Cormonem,,Rural,Inhabitant,626980,31100,False,,,,,
626971,Kushavati,Dharbandora,Darbandora,,Rural,Inhabitant,626971,30200,True,,,,,
626983,Kushavati,Dharbandora,Moissal,,Rural,Inhabitant,626983,31400,True,,,,,
626975,Kushavati,Dharbandora,Molem,,Rural,Inhabitant,626975,30600,True,,,,,
626970,Kushavati,Dharbandora,Piliem,,Rural,Inhabitant,626970,30100,False,,,,,
626972,Kushavati,Dharbandora,Sancordem,,Rural,Inhabitant,626972,30300,True,,,,,
626979,Kushavati,Dharbandora,Sangod,,Rural,Inhabitant,626979,31000,True,,,,,
626978,Kushavati,Dharbandora,Sigao,,Rural,Inhabitant,626978,30900,True,,,,,
626989,Kushavati,Dharbandora,Sonauli,,Rural,Inhabitant,626989,32000,True,,,,,
626974,Kushavati,Dharbandora,Surla,,Rural,Inhabitant,626974,30500,True,,,,,
626948,Kushavati,Quepem,Adnem,,Rural,Inhabitant,626948,28000,True,,,,,
626947,Kushavati,Quepem,Ambaulim,,Rural,Inhabitant,626947,27900,True,,,,,
910339,Kushavati,Quepem,Amona,,Urban,Inhabitant,0,0,False,,,,,
626934,Kushavati,Quepem,Assolda,,Rural,Inhabitant,626934,26500,True,,,,,
626939,Kushavati,Quepem,Avedem,,Rural,Inhabitant,626939,27100,True,,,,,
626949,Kushavati,Quepem,Bali,,Rural,Inhabitant,626949,28100,True,,,,,
626961,Kushavati,Quepem,Barcem,,Rural,Inhabitant,626961,29300,True,,,,,
626955,Kushavati,Quepem,Bendordem,,Rural,Inhabitant,626955,28700,True,,,,,
924815,Kushavati,Quepem,Cacora,,Urban,Inhabitant,0,0,False,,,,,
626956,Kushavati,Quepem,Cavorem,,Rural,Inhabitant,626956,28800,False,,,,,
626967,Kushavati,Quepem,Cazur,,Rural,Inhabitant,626967,29900,True,,,,,
626940,Kushavati,Quepem,Chaifi,,Rural,Inhabitant,626940,27200,True,,,,,
626958,Kushavati,Quepem,Cordem,,Rural,Inhabitant,626958,29000,False,,,,,
626966,Kushavati,Quepem,Corla,,Rural,Inhabitant,626966,29800,True,,,,,
626938,Kushavati,Quepem,Cotombi,,Rural,Inhabitant,626938,27000,True,,,,,
945840,Kushavati,Quepem,Curchorem,,Urban,Inhabitant,0,0,False,,,,,
910340,Kushavati,Quepem,Cusmane,,Urban,Inhabitant,0,0,False,,,,,
924817,Kushavati,Quepem,Deao,,Urban,Inhabitant,0,0,False,,,,,
626950,Kushavati,Quepem,Fatorpa,,Rural,Inhabitant,626950,28200,True,,,,,
626962,Kushavati,Quepem,Goculdem,,Rural,Inhabitant,626962,29400,True,,,,,
626937,Kushavati,Quepem,Hodar,,Rural,Inhabitant,626937,26800,False,,,,,
626957,Kushavati,Quepem,Maina,,Rural,Inhabitant,626957,28900,True,,,,,
626968,Kushavati,Quepem,Mangal,,Rural,Inhabitant,626968,30000,True,,,,,
626945,Kushavati,Quepem,Molcopona,,Rural,Inhabitant,626945,27700,True,,,,,
626946,Kushavati,Quepem,Molcornem,,Rural,Inhabitant,626946,27800,True,,,,,
626953,Kushavati,Quepem,Morpirla,,Rural,Inhabitant,626953,28500,False,,,,,
626942,Kushavati,Quepem,Nagvem,,Rural,Inhabitant,626942,27400,True,,,,,
626952,Kushavati,Quepem,Naqueri,,Rural,Inhabitant,626952,28400,True,,,,,
626959,Kushavati,Quepem,Padi,,Rural,Inhabitant,626959,29100,True,,,,,
626964,Kushavati,Quepem,Pirla,,Rural,Inhabitant,626964,29600,True,,,,,
626960,Kushavati,Quepem,Quedem,,Rural,Inhabitant,626960,29200,True,,,,,
945841,Kushavati,Quepem,Quepem,,Urban,Inhabitant,0,0,False,,,,,
626963,Kushavati,Quepem,Quisconda,,Rural,Inhabitant,626963,29500,True,,,,,
626951,Kushavati,Quepem,Quitol,,Rural,Inhabitant,626951,28300,True,,,,,
626941,Kushavati,Quepem,Sirvoi,,Both,Inhabitant,626941,27300,True,,,,,
626965,Kushavati,Quepem,Sulcorna,,Rural,Inhabitant,626965,29700,True,,,,,
626954,Kushavati,Quepem,Tiloi,,Rural,Inhabitant,626954,28600,False,,,,,
626944,Kushavati,Quepem,Undorna,,Rural,Inhabitant,626944,27600,True,,,,,
626969,Kushavati,Quepem,Xeldem,Ct,Rural,Inhabitant,626969,26900,True,,,,,
626936,Kushavati,Quepem,Xelvona,,Rural,Inhabitant,626936,26700,False,,,,,
626935,Kushavati,Quepem,Xic-Xelvona,,Rural,Inhabitant,626935,26600,True,,,,,
626943,Kushavati,Quepem,Zanodem,,Rural,Inhabitant,626943,27500,True,,,,,
626986,Kushavati,Sanguem,Antoriem,,Rural,Inhabitant,626986,31700,True,,,,,
627006,Kushavati,Sanguem,Bati,,Rural,Inhabitant,627006,33700,True,,,,,
626990,Kushavati,Sanguem,Boma,,Rural,Inhabitant,626990,32100,True,,,,,
626988,Kushavati,Sanguem,Calem,,Rural,Inhabitant,626988,31900,True,,,,,
627013,Kushavati,Sanguem,Colomb,,Rural,Inhabitant,627013,34400,True,,,,,
626998,Kushavati,Sanguem,Comproi,,Rural,Inhabitant,626998,32900,True,,,,,
626997,Kushavati,Sanguem,Coranginim,,Rural,Inhabitant,626997,32800,True,,,,,
626996,Kushavati,Sanguem,Costi,,Rural,Inhabitant,626996,32700,True,,,,,
627000,Kushavati,Sanguem,Cotarli,,Rural,Inhabitant,627000,33100,True,,,,,
627007,Kushavati,Sanguem,Cumbari,,Rural,Inhabitant,627007,33800,True,,,,,
627012,Kushavati,Sanguem,Curdem,,Rural,Inhabitant,627012,34300,True,,,,,
627009,Kushavati,Sanguem,Dongor,,Rural,Inhabitant,627009,34000,True,,,,,
626992,Kushavati,Sanguem,Dongurli,,Rural,Inhabitant,626992,32300,True,,,,,
626995,Kushavati,Sanguem,Dudal,,Rural,Inhabitant,626995,32600,True,,,,,
627015,Kushavati,Sanguem,Kurpem,,Rural,Inhabitant,627015,34600,True,,,,,
626994,Kushavati,Sanguem,Maulinguem,,Rural,Inhabitant,626994,32500,True,,,,,
626999,Kushavati,Sanguem,Muguli,,Rural,Inhabitant,626999,33000,True,,,,,
627010,Kushavati,Sanguem,Naiquinim,,Rural,Inhabitant,627010,34100,True,,,,,
627018,Kushavati,Sanguem,Neturlim,,Rural,Inhabitant,627018,34900,True,,,,,
627019,Kushavati,Sanguem,Nundem,,Rural,Inhabitant,627019,35000,True,,,,,
626991,Kushavati,Sanguem,Odxel,,Rural,Inhabitant,626991,32200,True,,,,,
626993,Kushavati,Sanguem,Patiem,,Rural,Inhabitant,626993,32400,True,,,,,
627011,Kushavati,Sanguem,Porteem,,Rural,Inhabitant,627011,34200,True,,,,,
627005,Kushavati,Sanguem,Potrem,,Rural,Inhabitant,627005,33600,True,,,,,
627014,Kushavati,Sanguem,Rivona,,Rural,Inhabitant,627014,34500,True,,,,,
626985,Kushavati,Sanguem,Rumbrem,,Rural,Inhabitant,626985,31600,True,,,,,
627002,Kushavati,Sanguem,Salauli,,Rural,Inhabitant,627002,33300,True,,,,,
945842,Kushavati,Sanguem,Sanguem,,Urban,Inhabitant,0,0,False,,,,,
626987,Kushavati,Sanguem,Santona,,Rural,Inhabitant,626987,31800,True,,,,,
627021,Kushavati,Sanguem,Sanvordem,Ct,Rural,Inhabitant,627021,40211000,True,,,,,
627017,Kushavati,Sanguem,Sigonem,,Rural,Un-Inhabitant,627017,34800,True,,,,,
627004,Kushavati,Sanguem,Todou,,Rural,Inhabitant,627004,33500,True,,,,,
627003,Kushavati,Sanguem,Uguem,,Rural,Inhabitant,627003,33400,True,,,,,
627020,Kushavati,Sanguem,Verlem,,Rural,Inhabitant,627020,35100,True,,,,,
627016,Kushavati,Sanguem,Vichundrem,,Rural,Inhabitant,627016,34700,True,,,,,
627008,Kushavati,Sanguem,Viliena,,Rural,Inhabitant,627008,33900,True,,,,,
627001,Kushavati,Sanguem,Xelpem,,Rural,Inhabitant,627001,33200,True,,,,,
626704,North Goa,Bardez,Aldona,Ct,Rural,Inhabitant,626704,40113000,True,,,,,
626694,North Goa,Bardez,Anjuna,Ct,Rural,Inhabitant,626694,3800,True,,,,,
626673,North Goa,Bardez,Arpora,,Rural,Inhabitant,626673,3900,True,,,,,
626672,North Goa,Bardez,Assagao,,Rural,Inhabitant,626672,3700,True,,,,,
626668,North Goa,Bardez,Assonora,,Rural,Inhabitant,626668,3300,True,,,,,
626678,North Goa,Bardez,Bastora,,Rural,Inhabitant,626678,4400,False,,,,,
626695,North Goa,Bardez,Calangute,Ct,Rural,Inhabitant,626695,40108000,True,,,,,
626685,North Goa,Bardez,Calvim,,Rural,Inhabitant,626685,5200,True,,,,,
626663,North Goa,Bardez,Camurlim,,Rural,Inhabitant,626663,2800,True,,,,,
626677,North Goa,Bardez,Canca,,Rural,Inhabitant,626677,4300,False,,,,,
626697,North Goa,Bardez,Candolim,Ct,Rural,Inhabitant,626697,40109000,True,,,,,
626691,North Goa,Bardez,Colvale,Ct,Rural,Inhabitant,626691,40104000,True,,,,,
626683,North Goa,Bardez,Corjuem,,Rural,Inhabitant,626683,5000,True,,,,,
945828,North Goa,Bardez,Corlim,,Urban,Inhabitant,0,0,False,,,,,
945829,North Goa,Bardez,Cunchelim,,Urban,Inhabitant,0,0,False,,,,,
626693,North Goa,Bardez,Guirim,Ct,Rural,Inhabitant,626693,40106000,True,,,,,
626671,North Goa,Bardez,Marna,,Rural,Inhabitant,626671,3600,True,,,,,
626689,North Goa,Bardez,Marra,,Rural,Inhabitant,626689,5700,True,,,,,
945830,North Goa,Bardez,Mhapsa,,Urban,Inhabitant,0,0,False,,,,,
626692,North Goa,Bardez,Moira,Ct,Rural,Inhabitant,626692,4800,True,,,,,
626667,North Goa,Bardez,Moitem,,Rural,Inhabitant,626667,3200,True,,,,,
626682,North Goa,Bardez,Nachinola,,Rural,Inhabitant,626682,4900,True,,,,,
626665,North Goa,Bardez,Nadora,,Rural,Inhabitant,626665,3000,True,,,,,
626674,North Goa,Bardez,Nagoa,,Rural,Inhabitant,626674,4000,True,,,,,
626698,North Goa,Bardez,Nerul,Ct,Rural,Inhabitant,626698,5600,True,,,,,
626686,North Goa,Bardez,Olaulim,,Rural,Inhabitant,626686,5300,True,,,,,
626662,North Goa,Bardez,Oxel,,Rural,Inhabitant,626662,2700,True,,,,,
626679,North Goa,Bardez,Paliem,,Rural,Inhabitant,626679,4500,True,,,,,
626675,North Goa,Bardez,Parra,,Rural,Inhabitant,626675,4100,True,,,,,
626701,North Goa,Bardez,Penha-De-Franca,Ct,Rural,Inhabitant,626701,40111000,True,,,,,
626700,North Goa,Bardez,Pilerne,Ct,Rural,Inhabitant,626700,5800,True,,,,,
626666,North Goa,Bardez,Pirna,,Rural,Inhabitant,626666,3100,False,,,,,
626687,North Goa,Bardez,Pomburpa,,Rural,Inhabitant,626687,5400,True,,,,,
626684,North Goa,Bardez,Ponolem,,Rural,Inhabitant,626684,5100,False,,,,,
626680,North Goa,Bardez,Punola,,Rural,Inhabitant,626680,4600,False,,,,,
626699,North Goa,Bardez,Reis-Magos,,Rural,Inhabitant,626699,40110000,False,,,,,
626664,North Goa,Bardez,Revora,,Rural,Inhabitant,626664,2900,False,,,,,
626696,North Goa,Bardez,Saligao,Ct,Rural,Inhabitant,626696,40107000,True,,,,,
626702,North Goa,Bardez,Salvador-Do-Mundo,Ct,Rural,Inhabitant,626702,5900,True,,,,,
626688,North Goa,Bardez,Sangolda,,Rural,Inhabitant,626688,5500,True,,,,,
626690,North Goa,Bardez,Siolim,Ct,Rural,Inhabitant,626690,40103000,True,,,,,
626669,North Goa,Bardez,Sircaim,,Rural,Inhabitant,626669,3400,True,,,,,
626703,North Goa,Bardez,Socorro,Ct,Rural,Inhabitant,626703,40112000,True,,,,,
626670,North Goa,Bardez,Tivim,,Rural,Inhabitant,626670,3500,True,,,,,
626681,North Goa,Bardez,Ucassaim,,Rural,Inhabitant,626681,4700,True,,,,,
626676,North Goa,Bardez,Verla,,Rural,Inhabitant,626676,4200,True,,,,,
626745,North Goa,Bicholim,Adwalpale,,Rural,Inhabitant,626745,9000,True,,,,,
626758,North Goa,Bicholim,Amone,,Rural,Inhabitant,626758,10300,True,,,,,
917385,North Goa,Bicholim,Arvalem,,Rural,Inhabitant,0,0,True,,,,,
626754,North Goa,Bicholim,Aturli,,Rural,Inhabitant,626754,9900,True,,,,,
945831,North Goa,Bicholim,Bicholim,,Urban,Inhabitant,0,0,False,,,,,
924814,North Goa,Bicholim,Bordem,,Urban,Inhabitant,0,0,True,,,,,
626763,North Goa,Bicholim,Carapur,Ct,Rural,Inhabitant,626763,40115000,True,,,,,
626760,North Goa,Bicholim,Cotombi,,Rural,Inhabitant,626760,10500,True,,,,,
626757,North Goa,Bicholim,Cudnem,,Rural,Inhabitant,626757,10200,True,,,,,
626750,North Goa,Bicholim,Curchirem,,Rural,Inhabitant,626750,9500,True,,,,,
626742,North Goa,Bicholim,Dumacem,,Rural,Inhabitant,626742,8700,True,,,,,
924818,North Goa,Bicholim,Lamgao,,Urban,Inhabitant,0,0,False,,,,,
626744,North Goa,Bicholim,Latambarcem,,Rural,Inhabitant,626744,8900,True,,,,,
626752,North Goa,Bicholim,Maem,,Rural,Inhabitant,626752,9700,True,,,,,
626749,North Goa,Bicholim,Maulinguem-North,,Rural,Inhabitant,626749,9400,True,,,,,
945845,North Goa,Bicholim,Maulinguem South,,Urban,Inhabitant,0,0,False,,,,,
626741,North Goa,Bicholim,Mencurem,,Rural,Inhabitant,626741,8600,True,,,,,
626747,North Goa,Bicholim,Mulgao,,Rural,Inhabitant,626747,9200,True,,,,,
626755,North Goa,Bicholim,Naroa,,Rural,Inhabitant,626755,10000,True,,,,,
626759,North Goa,Bicholim,Navelim,,Rural,Inhabitant,626759,10400,True,,,,,
626748,North Goa,Bicholim,Ona,,Rural,Inhabitant,626748,9300,True,,,,,
626764,North Goa,Bicholim,Pale,Ct,Rural,Inhabitant,626764,40118000,True,,,,,
626756,North Goa,Bicholim,Piligao,,Rural,Inhabitant,626756,10100,True,,,,,
626743,North Goa,Bicholim,Salem,,Rural,Inhabitant,626743,8800,True,,,,,
945832,North Goa,Bicholim,Sankhali,,Urban,Inhabitant,0,0,False,,,,,
626751,North Goa,Bicholim,Sarvona,,Rural,Inhabitant,626751,9600,True,,,,,
626746,North Goa,Bicholim,Sirigao,,Rural,Inhabitant,626746,9100,False,,,,,
626761,North Goa,Bicholim,Surla,,Rural,Inhabitant,626761,10600,True,,,,,
626753,North Goa,Bicholim,Vainguinim,,Rural,Inhabitant,626753,9800,True,,,,,
626762,North Goa,Bicholim,Velguem,,Rural,Inhabitant,626762,10700,True,,,,,
924826,North Goa,Bicholim,Virdi,,Urban,Inhabitant,0,0,True,,,,,
626657,North Goa,Pernem,Agarvado,,Rural,Inhabitant,626657,2600,True,,,,,
626649,North Goa,Pernem,Alorna,,Rural,Inhabitant,626649,1600,True,,,,,
626643,North Goa,Pernem,Amberem,,Rural,Inhabitant,626643,1000,False,,,,,
626658,North Goa,Pernem,Arambol,Ct,Rural,Inhabitant,626658,400,True,,,,,
626651,North Goa,Pernem,Cansarvornem,,Rural,Inhabitant,626651,1800,True,,,,,
626641,North Goa,Pernem,Casnem,,Rural,Inhabitant,626641,800,False,,,,,
626648,North Goa,Pernem,Chandel,,Rural,Inhabitant,626648,1500,True,,,,,
626656,North Goa,Pernem,Chopdem,,Rural,Inhabitant,626656,2500,False,,,,,
626638,North Goa,Pernem,Corgao,,Rural,Inhabitant,626638,500,True,,,,,
626653,North Goa,Pernem,Dargalim,,Rural,Inhabitant,626653,2000,True,,,,,
626650,North Goa,Pernem,Ibrampur,,Rural,Inhabitant,626650,1700,True,,,,,
626659,North Goa,Pernem,Mandrem,Ct,Rural,Inhabitant,626659,2300,True,,,,,
626647,North Goa,Pernem,Mopa,,Rural,Inhabitant,626647,1400,True,,,,,
626661,North Goa,Pernem,Morgim,,Rural,Inhabitant,626661,2400,True,,,,,
626652,North Goa,Pernem,Ozorim,,Rural,Inhabitant,626652,1900,True,,,,,
626637,North Goa,Pernem,Paliem,,Rural,Inhabitant,626637,300,True,,,,,
626660,North Goa,Pernem,Parcem,Ct,Rural,Inhabitant,626660,40102000,True,,,,,
626639,North Goa,Pernem,Pernem,,Urban,Inhabitant,626639,600,False,,,,,
626640,North Goa,Pernem,Poroscodem,,Rural,Inhabitant,626640,700,True,,,,,
626636,North Goa,Pernem,Querim,,Rural,Inhabitant,626636,200,True,,,,,
626645,North Goa,Pernem,Tamboxem,,Rural,Inhabitant,626645,1200,True,,,,,
626635,North Goa,Pernem,Tiracol,,Rural,Inhabitant,626635,100,True,,,,,
626646,North Goa,Pernem,Torxem,,Rural,Inhabitant,626646,1300,True,,,,,
626655,North Goa,Pernem,Tuem,,Rural,Inhabitant,626655,2200,True,,,,,
626644,North Goa,Pernem,Uguem,,Rural,Inhabitant,626644,1100,True,,,,,
626642,North Goa,Pernem,Varconda,,Rural,Inhabitant,626642,900,True,,,,,
626654,North Goa,Pernem,Virnora,,Rural,Inhabitant,626654,2100,True,,,,,
626825,North Goa,Sattari,Advoi,,Rural,Inhabitant,626825,16900,True,,,,,
626803,North Goa,Sattari,Ambedem,,Rural,Inhabitant,626803,14700,True,,,,,
626839,North Goa,Sattari,Ambeli,,Rural,Inhabitant,626839,18300,True,,,,,
626770,North Goa,Sattari,Anjunem,,Rural,Inhabitant,626770,11300,True,,,,,
626814,North Goa,Sattari,Ansolem,,Rural,Inhabitant,626814,15800,False,,,,,
626836,North Goa,Sattari,Assodem,,Rural,Inhabitant,626836,18000,True,,,,,
626830,North Goa,Sattari,Birondem,,Rural,Inhabitant,626830,17400,True,,,,,
626802,North Goa,Sattari,Bombedem,,Rural,Inhabitant,626802,14600,True,,,,,
626807,North Goa,Sattari,Buimpal,,Rural,Inhabitant,626807,15100,True,,,,,
626793,North Goa,Sattari,Carambolim- Brama,,Rural,Inhabitant,626793,13700,True,,,,,
626821,North Goa,Sattari,Carambolim-Buzruco,,Rural,Inhabitant,626821,16500,True,,,,,
626820,North Goa,Sattari,Caranzol,,Rural,Inhabitant,626820,16400,True,,,,,
626773,North Goa,Sattari,Choraundem,,Rural,Inhabitant,626773,11600,True,,,,,
626780,North Goa,Sattari,Codal,,Rural,Inhabitant,626780,12300,True,,,,,
626812,North Goa,Sattari,Codiem,,Rural,Inhabitant,626812,15600,True,,,,,
626823,North Goa,Sattari,Codqui,,Rural,Inhabitant,626823,16700,True,,,,,
626818,North Goa,Sattari,Codvol,,Rural,Inhabitant,626818,16200,True,,,,,
626790,North Goa,Sattari,Compordem,,Rural,Inhabitant,626790,13400,False,,,,,
626841,North Goa,Sattari,Conquirem,,Rural,Inhabitant,626841,18500,False,,,,,
626832,North Goa,Sattari,Cotorem,,Rural,Inhabitant,626832,17600,True,,,,,
626815,North Goa,Sattari,Cudcem,,Rural,Inhabitant,626815,15900,False,,,,,
626808,North Goa,Sattari,Cumarconda,,Rural,Inhabitant,626808,15200,True,,,,,
626789,North Goa,Sattari,Dabem,,Rural,Inhabitant,626789,13300,False,,,,,
626831,North Goa,Sattari,Damocem,,Rural,Inhabitant,626831,17500,True,,,,,
626801,North Goa,Sattari,Davem,,Rural,Inhabitant,626801,14500,True,,,,,
626779,North Goa,Sattari,Derodem,,Rural,Inhabitant,626779,12200,True,,,,,
626782,North Goa,Sattari,Dongurli,,Rural,Inhabitant,626782,12500,True,,,,,
626791,North Goa,Sattari,Edorem,,Rural,Inhabitant,626791,13500,True,,,,,
626776,North Goa,Sattari,Golauli,,Rural,Inhabitant,626776,11900,True,,,,,
626768,North Goa,Sattari,Gonteli,,Rural,Inhabitant,626768,11100,True,,,,,
626837,North Goa,Sattari,Govanem,,Rural,Inhabitant,626837,18100,True,,,,,
626828,North Goa,Sattari,Guleli,,Rural,Inhabitant,626828,17200,True,,,,,
626784,North Goa,Sattari,Gululem,,Rural,Inhabitant,626784,12700,True,,,,,
626774,North Goa,Sattari,Ivrem-Buzruco,,Rural,Inhabitant,626774,11700,True,,,,,
626775,North Goa,Sattari,Ivrem-Curdo,,Rural,Inhabitant,626775,11800,True,,,,,
626796,North Goa,Sattari,Maloli,,Rural,Inhabitant,626796,14000,True,,,,,
626838,North Goa,Sattari,Malpona,,Rural,Inhabitant,626838,18200,True,,,,,
924819,North Goa,Sattari,Massordem,,Urban,Inhabitant,0,0,False,,,,,
626806,North Goa,Sattari,Mauxi,,Rural,Inhabitant,626806,15000,True,,,,,
626840,North Goa,Sattari,Melauli,,Rural,Inhabitant,626840,18400,True,,,,,
626786,North Goa,Sattari,Morlem,,Rural,Inhabitant,626786,12900,True,,,,,
626804,North Goa,Sattari,Nagargao,,Rural,Inhabitant,626804,14800,False,,,,,
626813,North Goa,Sattari,Naguem,,Rural,Inhabitant,626813,15700,True,,,,,
626792,North Goa,Sattari,Naneli,,Rural,Inhabitant,626792,13600,True,,,,,
626797,North Goa,Sattari,Nanorem,,Rural,Inhabitant,626797,14100,True,,,,,
924821,North Goa,Sattari,Nanus,,Urban,Inhabitant,0,0,False,,,,,
626842,North Goa,Sattari,Onda,Ct,Rural,Inhabitant,626842,13000,True,,,,,
626829,North Goa,Sattari,Padeli,,Rural,Inhabitant,626829,17300,True,,,,,
626783,North Goa,Sattari,Pale,,Rural,Inhabitant,626783,12600,True,,,,,
626819,North Goa,Sattari,Pendral,,Rural,Inhabitant,626819,16300,True,,,,,
626809,North Goa,Sattari,Pissurlem,,Rural,Inhabitant,626809,15300,True,,,,,
626765,North Goa,Sattari,Podocem,,Rural,Inhabitant,626765,10800,True,,,,,
626826,North Goa,Sattari,Ponocem,,Rural,Inhabitant,626826,17000,True,,,,,
626772,North Goa,Sattari,Ponsuli,,Rural,Inhabitant,626772,11500,False,,,,,
626766,North Goa,Sattari,Poriem,,Rural,Inhabitant,626766,10900,True,,,,,
626771,North Goa,Sattari,Quelaudem,,Rural,Inhabitant,626771,11400,True,,,,,
626785,North Goa,Sattari,Querim,,Rural,Inhabitant,626785,12800,True,,,,,
626767,North Goa,Sattari,Ravona,,Rural,Inhabitant,626767,11000,True,,,,,
626781,North Goa,Sattari,Rivem,,Rural,Inhabitant,626781,12400,True,,,,,
626787,North Goa,Sattari,Saleli,,Rural,Inhabitant,626787,13100,True,,,,,
626824,North Goa,Sattari,Sanvorcem,,Rural,Inhabitant,626824,16800,True,,,,,
626816,North Goa,Sattari,Sanvordem,,Rural,Inhabitant,626816,16000,True,,,,,
626805,North Goa,Sattari,Satorem,,Rural,Inhabitant,626805,14900,True,,,,,
626778,North Goa,Sattari,Satrem,,Rural,Inhabitant,626778,12100,True,,,,,
626795,North Goa,Sattari,Sigonem,,Rural,Inhabitant,626795,13900,True,,,,,
626834,North Goa,Sattari,Siranguli,,Rural,Inhabitant,626834,17800,False,,,,,
626769,North Goa,Sattari,Siroli,,Rural,Inhabitant,626769,11200,True,,,,,
626835,North Goa,Sattari,Sirsodem,,Rural,Inhabitant,626835,17900,True,,,,,
626817,North Goa,Sattari,Sonal,,Rural,Inhabitant,626817,16100,True,,,,,
626810,North Goa,Sattari,Sonus-Vonvoliem,,Rural,Inhabitant,626810,15400,True,,,,,
626777,North Goa,Sattari,Surla,,Rural,Inhabitant,626777,12000,True,,,,,
626800,North Goa,Sattari,Ustem,,Rural,Inhabitant,626800,14400,True,,,,,
626811,North Goa,Sattari,Vaguriem,,Rural,Inhabitant,626811,15500,True,,,,,
626798,North Goa,Sattari,Vainguinim,,Rural,Inhabitant,626798,14200,True,,,,,
945833,North Goa,Sattari,Valpoi,,Urban,Inhabitant,0,0,False,,,,,
626827,North Goa,Sattari,Vantem,,Rural,Inhabitant,626827,17100,True,,,,,
626822,North Goa,Sattari,Velguem,,Rural,Inhabitant,626822,16600,True,,,,,
924825,North Goa,Sattari,Velus,,Urban,Inhabitant,0,0,False,,,,,
626794,North Goa,Sattari,Xelopo-Buzruco,,Rural,Inhabitant,626794,13800,True,,,,,
626833,North Goa,Sattari,Xelopo-Curdo,,Rural,Inhabitant,626833,17700,True,,,,,
626799,North Goa,Sattari,Zarani,,Rural,Inhabitant,626799,14300,False,,,,,
626788,North Goa,Sattari,Zormen,,Rural,Inhabitant,626788,13200,True,,,,,
626705,North Goa,Tiswadi,Ambarim,,Rural,Inhabitant,626705,6000,False,,,,,
626719,North Goa,Tiswadi,Azossim,,Rural,Inhabitant,626719,7700,True,,,,,
626715,North Goa,Tiswadi,Bainguinim,,Rural,Inhabitant,626715,7300,True,,,,,
626733,North Goa,Tiswadi,Bambolim,Ct,Rural,Inhabitant,626733,40122000,True,,,,,
626722,North Goa,Tiswadi,Batim,,Rural,Inhabitant,626722,8000,False,,,,,
626732,North Goa,Tiswadi,Calapor,Ct,Rural,Inhabitant,626732,40121000,True,,,,,
626708,North Goa,Tiswadi,Capao,,Rural,Inhabitant,626708,6300,True,,,,,
626707,North Goa,Tiswadi,Caraim,,Rural,Inhabitant,626707,6200,True,,,,,
626718,North Goa,Tiswadi,Carambolim,,Rural,Inhabitant,626718,7600,True,,,,,
626730,North Goa,Tiswadi,Chimbel,Ct,Rural,Inhabitant,626730,40119000,True,,,,,
626706,North Goa,Tiswadi,Chorao,,Rural,Inhabitant,626706,6100,False,,,,,
626729,North Goa,Tiswadi,Corlim,Ct,Rural,Inhabitant,626729,7100,True,,,,,
626740,North Goa,Tiswadi,Cujira,Og,Rural,Inhabitant,626740,40120000,False,,,,,
626728,North Goa,Tiswadi,Cumbarjua,Ct,Rural,Inhabitant,626728,6900,True,,,,,
626723,North Goa,Tiswadi,Curca,,Rural,Inhabitant,626723,8100,True,,,,,
645599,North Goa,Tiswadi,Durgavado,,Rural,Inhabitant,645599,0,False,,,,,
626714,North Goa,Tiswadi,Ella,,Rural,Inhabitant,626714,7200,True,,,,,
626721,North Goa,Tiswadi,Gancim,,Rural,Inhabitant,626721,7900,True,,,,,
626713,North Goa,Tiswadi,Gandaulim,,Rural,Inhabitant,626713,7000,False,,,,,
626717,North Goa,Tiswadi,Goalim-Moula,,Rural,Inhabitant,626717,7500,True,,,,,
626734,North Goa,Tiswadi,Goa-Velha,,Rural,Inhabitant,626734,40123000,True,,,,,
626710,North Goa,Tiswadi,Goltim,,Rural,Inhabitant,626710,6500,True,,,,,
626727,North Goa,Tiswadi,Jua,Ct,Rural,Inhabitant,626727,6800,True,,,,,
626711,North Goa,Tiswadi,Malar,,Rural,Inhabitant,626711,6600,True,,,,,
626720,North Goa,Tiswadi,Mandur,,Rural,Inhabitant,626720,7800,True,,,,,
626735,North Goa,Tiswadi,Mercurim,Ct,Rural,Inhabitant,626735,8500,True,,,,,
626737,North Goa,Tiswadi,Morambi-O-Grande,Merces,Rural,Inhabitant,626737,40120000,False,,,,,
626739,North Goa,Tiswadi,Morambi-O-Pequeno,Merces,Rural,Inhabitant,626739,40120000,False,,,,,
626731,North Goa,Tiswadi,Murda,Ct,Rural,Inhabitant,626731,40120000,True,,,,,
626712,North Goa,Tiswadi,Naroa,,Rural,Inhabitant,626712,6700,False,,,,,
626709,North Goa,Tiswadi,Navelim,,Rural,Inhabitant,626709,6400,True,,,,,
626726,North Goa,Tiswadi,Neura-O-Grande,,Rural,Inhabitant,626726,8400,True,,,,,
626725,North Goa,Tiswadi,Neura-O-Pequeno,,Rural,Inhabitant,626725,8300,True,,,,,
945834,North Goa,Tiswadi,Panaji,,Urban,Inhabitant,0,0,False,,,,,
626736,North Goa,Tiswadi,Panelim,Og,Rural,Inhabitant,626736,40120000,False,,,,,
626738,North Goa,Tiswadi,Renovadi,Og,Rural,Inhabitant,626738,40120000,False,,,,,
626724,North Goa,Tiswadi,Siridao,,Rural,Inhabitant,626724,8200,True,,,,,
626716,North Goa,Tiswadi,Talaulim,,Rural,Inhabitant,626716,7400,True,,,,,
645598,North Goa,Tiswadi,Taleigao,,Rural,Inhabitant,645598,0,True,,,,,
626884,South Goa,Mormugao,Arossim,,Rural,Inhabitant,626884,22500,True,,,,,
626883,South Goa,Mormugao,Cansaulim,,Rural,Inhabitant,626883,22400,True,,,,,
626885,South Goa,Mormugao,Chicalim,Ct,Rural,Inhabitant,626885,40202000,True,,,,,
626880,South Goa,Mormugao,Chicolna,,Rural,Inhabitant,626880,22100,True,,,,,
626887,South Goa,Mormugao,Cortalim,Ct,Rural,Inhabitant,626887,21600,True,,,,,
626877,South Goa,Mormugao,Cuelim,,Rural,Inhabitant,626877,21800,False,,,,,
626874,South Goa,Mormugao,Dabolim,,Rural,Inhabitant,626874,21400,True,,,,,
626879,South Goa,Mormugao,Issorcim,,Rural,Inhabitant,626879,22000,True,,,,,
945837,South Goa,Mormugao,Mormugao Port,,Urban,Inhabitant,0,0,False,,,,,
626878,South Goa,Mormugao,Pale,,Rural,Inhabitant,626878,21900,True,,,,,
626876,South Goa,Mormugao,Quelossim,,Rural,Inhabitant,626876,21700,True,,,,,
945839,South Goa,Mormugao,Sambhaji,,Urban,Inhabitant,0,0,False,,,,,
626886,South Goa,Mormugao,Sancoale,Ct,Rural,Inhabitant,626886,40203000,True,,,,,
626875,South Goa,Mormugao,Sao Jacinto Island,,Rural,Inhabitant,626875,21500,False,,,,,
626881,South Goa,Mormugao,Sao Jorge Island,,Rural,Inhabitant,626881,22200,False,,,,,
945838,South Goa,Mormugao,Vadem,,Urban,Inhabitant,0,0,False,,,,,
626882,South Goa,Mormugao,Velsao,,Rural,Inhabitant,626882,22300,True,,,,,
626847,South Goa,Ponda,Adcolna,,Rural,Inhabitant,626847,19200,True,,,,,
626869,South Goa,Ponda,Bandora,Ct,Rural,Inhabitant,626869,40124000,True,,,,,
626859,South Goa,Ponda,Betora,,Rural,Inhabitant,626859,20700,True,,,,,
626844,South Goa,Ponda,Betqui,,Rural,Inhabitant,626844,18900,True,,,,,
626848,South Goa,Ponda,Boma,,Rural,Inhabitant,626848,19300,False,,,,,
626872,South Goa,Ponda,Borim,Ct,Rural,Inhabitant,626872,21100,True,,,,,
626853,South Goa,Ponda,Candepar,,Rural,Inhabitant,626853,19900,True,,,,,
626865,South Goa,Ponda,Candola,Ct,Rural,Inhabitant,626865,18600,True,,,,,
626860,South Goa,Ponda,Codar,,Rural,Inhabitant,626860,20800,True,,,,,
626862,South Goa,Ponda,Conxem,,Rural,Inhabitant,626862,21000,True,,,,,
626849,South Goa,Ponda,Cuncoliem,,Rural,Inhabitant,626849,19400,True,,,,,
626855,South Goa,Ponda,Cundaim,,Rural,Inhabitant,626855,20200,True,,,,,
626870,South Goa,Ponda,Curti,Ct,Rural,Inhabitant,626870,40127000,False,,,,,
626856,South Goa,Ponda,Durbhat,,Rural,Inhabitant,626856,20400,True,,,,,
626852,South Goa,Ponda,Gangem,,Rural,Inhabitant,626852,19700,True,,,,,
626867,South Goa,Ponda,Marcaim,Ct,Rural,Inhabitant,626867,20300,True,,,,,
626861,South Goa,Ponda,Nirancal,,Rural,Inhabitant,626861,20900,True,,,,,
626866,South Goa,Ponda,Orgao,Ct,Rural,Inhabitant,626866,18700,False,,,,,
626864,South Goa,Ponda,Ponchavadi,,Rural,Inhabitant,626864,21300,True,,,,,
945835,South Goa,Ponda,Ponda,,Urban,Inhabitant,0,0,False,,,,,
626868,South Goa,Ponda,Priol,Ct,Rural,Inhabitant,626868,20000,True,,,,,
626850,South Goa,Ponda,Querim,,Rural,Inhabitant,626850,19500,True,,,,,
626871,South Goa,Ponda,Queula,,Rural,Inhabitant,626871,40125000,False,,,,,
626846,South Goa,Ponda,Savoi-Verem,,Rural,Inhabitant,626846,19100,True,,,,,
626863,South Goa,Ponda,Shiroda,,Rural,Inhabitant,626863,21200,True,,,,,
626857,South Goa,Ponda,Telaulim,,Rural,Inhabitant,626857,20500,True,,,,,
626843,South Goa,Ponda,Tivrem,,Rural,Inhabitant,626843,18800,True,,,,,
626873,South Goa,Ponda,Usgao,Ct,Rural,Inhabitant,626873,19800,True,,,,,
626858,South Goa,Ponda,Vadi,,Rural,Inhabitant,626858,20600,True,,,,,
626851,South Goa,Ponda,Vagurbem,,Rural,Inhabitant,626851,19600,True,,,,,
626854,South Goa,Ponda,Velinga,,Rural,Inhabitant,626854,20100,True,,,,,
626845,South Goa,Ponda,Volvoi,,Rural,Inhabitant,626845,19000,True,,,,,
626906,South Goa,Salcete,Adsulim,,Rural,Inhabitant,626906,24800,True,,,,,
626922,South Goa,Salcete,Ambelim,,Rural,Inhabitant,626922,26400,False,,,,,
626929,South Goa,Salcete,Aquem-Baixo,,Rural,Inhabitant,626929,40208000,True,,,,,
626919,South Goa,Salcete,Assolna,,Rural,Inhabitant,626919,26100,True,,,,,
626931,South Goa,Salcete,Benaulim,Ct,Rural,Inhabitant,626931,40205000,True,,,,,
626895,South Goa,Salcete,Betalbatim,,Rural,Inhabitant,626895,23500,True,,,,,
626891,South Goa,Salcete,Calata,,Rural,Inhabitant,626891,23100,True,,,,,
626890,South Goa,Salcete,Camurlim,,Rural,Inhabitant,626890,22900,True,,,,,
626904,South Goa,Salcete,Cana,,Rural,Inhabitant,626904,24600,True,,,,,
626917,South Goa,Salcete,Carmona,,Rural,Inhabitant,626917,25900,True,,,,,
626920,South Goa,Salcete,Cavelossim,,Rural,Inhabitant,626920,26200,True,,,,,
626910,South Goa,Salcete,Cavorim,,Rural,Inhabitant,626910,25200,True,,,,,
626911,South Goa,Salcete,Chandor,,Rural,Inhabitant,626911,25300,False,,,,,
626933,South Goa,Salcete,Chinchinim,Ct,Rural,Inhabitant,626933,40215000,True,,,,,
626897,South Goa,Salcete,Colva,,Rural,Inhabitant,626897,23700,True,,,,,
926704,South Goa,Salcete,Cuncolim,,Urban,Inhabitant,0,0,False,,,,,
626926,South Goa,Salcete,Curtorim,Ct,Rural,Inhabitant,626926,24500,True,,,,,
626928,South Goa,Salcete,Davorlim,Ct,Rural,Inhabitant,626928,40209000,True,,,,,
626918,South Goa,Salcete,Deussua,,Rural,Inhabitant,626918,26000,True,,,,,
626909,South Goa,Salcete,Dicarpale,,Rural,Inhabitant,626909,25100,True,,,,,
626908,South Goa,Salcete,Dramapur,,Rural,Inhabitant,626908,25000,True,,,,,
626900,South Goa,Salcete,Duncolim,,Rural,Inhabitant,626900,24000,True,,,,,
626896,South Goa,Salcete,Gaundaulim,,Rural,Inhabitant,626896,23600,True,,,,,
626894,South Goa,Salcete,Gonsua,,Rural,Inhabitant,626894,23400,True,,,,,
626903,South Goa,Salcete,Guirdolim,,Rural,Inhabitant,626903,24400,True,,,,,
626889,South Goa,Salcete,Loutulim,,Rural,Inhabitant,626889,22800,True,,,,,
626902,South Goa,Salcete,Macasana,,Rural,Inhabitant,626902,24300,True,,,,,
626892,South Goa,Salcete,Majorda,,Rural,Inhabitant,626892,23200,True,,,,,
945836,South Goa,Salcete,Margao,,Urban,Inhabitant,0,0,False,,,,,
626913,South Goa,Salcete,Mulem,,Rural,Inhabitant,626913,25500,True,,,,,
626888,South Goa,Salcete,Nagoa,,Rural,Inhabitant,626888,22600,True,,,,,
626930,South Goa,Salcete,Navelim,Ct,Rural,Inhabitant,626930,40207000,True,,,,,
626924,South Goa,Salcete,Nuvem,Ct,Rural,Inhabitant,626924,23000,True,,,,,
626916,South Goa,Salcete,Orlim,,Rural,Inhabitant,626916,25800,True,,,,,
626912,South Goa,Salcete,Paroda,,Rural,Inhabitant,626912,25400,True,,,,,
626901,South Goa,Salcete,Rachol,,Rural,Inhabitant,626901,24200,False,,,,,
626925,South Goa,Salcete,Raia,Ct,Rural,Inhabitant,626925,24100,True,,,,,
626927,South Goa,Salcete,Sao Jose De Areal,Ct,Rural,Inhabitant,626927,40210000,True,,,,,
626914,South Goa,Salcete,Sarzora,,Rural,Inhabitant,626914,25600,True,,,,,
626899,South Goa,Salcete,Seraulim,,Rural,Inhabitant,626899,23900,False,,,,,
626905,South Goa,Salcete,Sernabatim,,Rural,Inhabitant,626905,24700,True,,,,,
626915,South Goa,Salcete,Sirlim,,Rural,Inhabitant,626915,25700,False,,,,,
626907,South Goa,Salcete,Talaulim,,Rural,Inhabitant,626907,24900,True,,,,,
924823,South Goa,Salcete,Talvorda,,Urban,Inhabitant,0,0,False,,,,,
626893,South Goa,Salcete,Utorda,,Rural,Inhabitant,626893,23300,True,,,,,
626898,South Goa,Salcete,Vanelim,,Rural,Inhabitant,626898,23800,True,,,,,
626932,South Goa,Salcete,Varca,Ct,Rural,Inhabitant,626932,40206000,True,,,,,
924824,South Goa,Salcete,Varoda,,Urban,Inhabitant,0,0,False,,,,,
626921,South Goa,Salcete,Velim,,Rural,Inhabitant,626921,26300,True,,,,,
626923,South Goa,Salcete,Verna,Ct,Rural,Inhabitant,626923,22700,True,,,,,
